invalid,20488
381x500,7
500x375,5208
500x374,82
500x333,1628
640x327,16
640x218,7
500x332,470
359x640,74
640x360,1431
640x226,9
333x500,679
500x313,22
360x640,159
448x336,25
460x312,1
640x248,10
375x500,1926
400x267,5
640x361,255
500x343,23
500x335,208
327x500,4
334x500,159
640x369,41
640x347,21
500x274,6
640x359,387
640x335,15
354x500,9
640x371,36
500x337,36
640x258,8
480x304,1
640x278,14
500x353,11
500x363,14
640x233,8
640x332,9
480x252,1
383x640,93
360x270,15
640x323,15
500x299,4
640x345,9
500x364,19
332x500,148
640x376,59
320x240,76
500x297,5
500x358,29
640x383,208
400x338,1
640x364,39
640x368,46
640x338,28
500x316,10
362x500,9
640x211,3
350x233,3
640x374,40
500x318,12
347x500,8
640x133,2
500x378,24
370x640,7
360x480,15
640x319,15
500x334,409
500x331,75
374x500,45
640x350,20
640x321,20
500x366,21
400x317,1
640x346,35
378x500,17
340x640,3
500x369,10
500x377,51
640x353,40
317x640,1
500x328,20
640x238,10
640x322,16
414x330,1
500x346,28
640x379,49
500x296,6
281x500,10
335x500,95
640x202,3
640x355,22
326x500,12
640x334,25
373x500,10
640x309,17
500x362,14
500x339,22
380x472,1
640x378,46
640x343,16
500x376,94
470x313,1
500x371,28
640x337,14
320x640,4
320x480,10
640x358,41
500x251,3
640x356,23
640x324,18
500x287,5
500x285,7
351x490,1
640x284,12
640x381,47
640x273,11
379x640,14
640x259,15
316x640,3
470x351,1
500x349,16
640x328,17
500x186,1
500x327,18
640x354,37
500x266,3
640x357,12
640x320,80
465x335,1
500x352,17
640x367,16
480x320,16
500x195,1
500x289,6
640x365,16
500x329,19
349x640,6
396x312,1
344x500,12
640x288,12
640x186,3
640x282,9
500x281,107
480x229,1
342x500,6
233x247,1
320x225,1
640x380,34
500x280,5
640x352,19
480x360,70
427x338,1
448x279,1
300x169,1
640x351,35
640x375,24
500x345,27
472x314,1
500x370,20
356x480,1
300x201,1
500x298,9
500x277,3
376x640,5
500x325,26
640x292,8
640x161,2
366x500,7
308x233,1
640x363,43
279x640,2
361x640,44
321x479,1
350x450,2
640x362,30
640x341,22
500x355,8
500x312,8
363x500,5
500x359,16
356x500,17
210x640,1
304x640,1
500x347,19
500x330,32
500x314,11
289x350,1
640x326,21
500x336,52
477x358,2
500x311,14
500x144,1
335x479,1
640x283,14
500x354,16
640x314,17
330x500,12
500x380,16
361x500,9
625x330,1
329x500,8
500x373,34
359x500,12
500x269,6
640x370,22
500x381,20
640x276,3
344x640,4
378x640,10
640x241,9
343x500,11
336x500,18
379x500,7
500x344,20
640x280,4
264x500,1
500x160,1
640x336,19
640x301,15
640x213,8
300x176,1
640x279,10
640x193,4
418x339,1
240x320,21
400x300,33
640x254,9
640x373,46
240x180,2
348x500,7
376x500,33
329x640,3
367x640,6
357x500,31
500x306,5
448x302,1
314x500,6
640x311,20
459x344,1
640x340,16
274x500,2
337x500,11
500x300,12
500x246,3
640x315,7
640x348,43
640x287,8
300x400,11
640x329,33
400x312,2
640x304,10
300x429,1
640x109,1
500x245,1
125x166,1
500x310,8
500x295,6
500x348,17
331x500,28
328x500,10
333x640,4
310x640,1
640x291,6
309x500,2
324x500,6
448x299,7
500x379,19
640x295,5
640x223,3
500x351,12
500x361,9
500x326,24
410x270,1
345x500,4
640x264,8
640x318,30
500x350,16
640x366,72
640x209,1
500x360,10
336x448,4
308x500,3
273x346,1
640x221,6
300x432,1
311x500,2
500x382,14
640x289,11
300x225,11
500x357,55
309x640,3
365x328,1
500x367,12
377x500,10
500x250,6
425x283,2
358x640,5
500x309,13
352x500,5
290x438,1
500x322,11
320x212,2
355x500,6
500x279,5
500x320,10
292x500,1
500x307,7
640x165,1
289x500,1
156x640,1
600x252,1
640x181,1
366x604,1
640x382,27
337x640,2
480x245,1
373x299,1
640x333,21
640x305,12
500x315,7
640x275,4
369x640,4
317x500,4
500x341,29
450x338,16
640x216,5
370x500,6
150x200,3
500x301,4
425x251,1
640x206,1
420x169,1
640x330,11
360x265,1
321x640,2
640x281,17
371x640,5
640x306,10
318x640,2
353x500,7
338x500,23
568x320,12
500x272,4
500x372,16
352x288,12
500x383,17
351x500,6
535x298,1
310x500,2
338x409,1
373x336,1
301x290,1
362x640,7
640x201,2
299x640,2
500x305,10
640x349,29
366x640,9
640x294,14
364x500,7
640x185,2
500x273,4
640x266,13
500x278,2
270x640,2
373x640,11
640x316,18
330x450,1
426x320,1
640x344,27
421x210,1
480x318,1
272x307,1
323x500,10
345x415,1
640x214,13
640x269,6
360x360,2
640x377,19
500x368,15
500x302,5
288x216,2
500x365,10
640x215,6
238x640,2
640x230,4
382x640,7
500x286,12
500x293,3
353x640,7
442x287,1
432x354,1
500x356,23
640x271,11
504x351,1
640x152,3
640x253,10
500x321,16
268x402,1
640x317,8
640x286,13
302x640,1
450x303,1
487x363,1
314x375,1
640x224,5
500x220,1
500x249,3
266x640,2
400x261,1
500x217,1
500x265,2
640x285,9
500x323,9
640x307,5
640x249,6
640x268,8
400x229,1
475x355,1
640x263,10
320x216,1
500x255,3
500x191,3
640x298,19
450x290,1
500x338,39
338x450,7
448x300,1
367x500,9
500x291,8
500x176,2
293x500,2
328x480,1
345x640,1
640x272,4
467x350,1
640x372,17
199x640,1
640x220,3
352x640,4
341x500,16
369x336,1
504x378,3
640x308,12
305x480,1
323x486,1
640x313,15
371x500,10
240x193,1
340x500,7
640x255,2
335x640,2
640x339,29
500x324,17
302x500,2
390x293,1
414x310,1
640x312,10
640x297,4
615x310,3
400x320,1
350x500,14
640x200,3
640x245,1
500x340,14
326x640,4
200x150,3
500x258,1
640x208,3
290x640,1
360x237,1
306x640,3
341x280,1
640x222,3
176x144,4
500x228,3
382x500,7
640x257,4
500x290,4
640x243,7
640x277,5
193x225,1
500x205,2
152x205,1
550x365,5
380x640,9
500x167,4
350x400,1
640x270,6
425x282,1
640x303,18
482x294,1
363x640,8
266x187,1
290x359,1
265x500,1
640x325,11
450x300,5
368x640,10
500x189,1
250x312,1
370x277,1
339x500,23
354x640,7
376x342,1
368x500,8
494x330,1
500x303,4
358x373,1
500x208,1
243x360,1
500x256,1
288x352,7
640x234,6
470x332,1
294x500,2
305x640,1
470x300,1
640x173,4
640x176,1
640x235,2
379x335,1
432x324,3
500x282,9
268x640,1
640x242,4
500x175,2
640x299,11
640x256,8
376x479,1
640x310,11
640x171,2
500x154,1
318x500,3
335x246,1
240x363,1
228x500,1
272x480,3
500x231,2
500x319,14
468x298,1
329x497,1
270x360,4
467x352,1
154x205,1
432x288,7
273x500,3
375x640,2
303x500,3
225x225,1
224x300,1
346x640,4
500x270,3
375x207,1
500x284,6
520x373,3
640x240,4
365x640,4
431x259,1
276x410,1
640x182,1
424x283,2
351x234,1
450x286,1
640x111,1
500x342,16
100x144,1
253x640,1
640x199,4
500x257,3
296x640,2
480x359,1
500x222,4
317x398,1
580x377,1
420x266,1
364x640,7
294x196,2
334x640,5
500x153,1
500x247,4
490x367,2
640x144,2
585x329,1
500x276,6
546x366,5
500x192,2
319x500,6
284x500,1
600x357,1
180x225,1
640x296,11
300x200,1
640x342,14
500x263,5
467x371,1
500x188,4
500x294,3
385x308,5
521x315,1
640x260,3
400x301,1
239x180,1
358x500,7
152x100,1
200x300,1
283x500,2
640x153,3
356x373,1
296x352,1
251x500,1
480x272,5
448x277,1
440x300,1
300x640,1
640x302,5
385x289,7
300x451,1
640x184,3
494x338,1
348x486,1
480x319,7
281x640,2
525x350,2
600x327,1
538x360,3
360x328,1
315x484,1
455x341,1
299x500,2
640x212,3
500x271,2
500x233,2
381x640,8
119x184,1
291x500,2
288x500,1
500x317,10
307x500,2
550x275,1
473x335,1
500x240,3
450x313,1
343x512,1
640x225,1
351x640,3
640x236,5
333x357,1
372x500,8
322x365,1
374x640,5
301x500,2
600x366,1
480x353,1
365x500,6
256x217,1
315x500,2
160x120,8
320x500,4
640x290,6
202x360,1
252x252,1
360x356,1
550x375,1
500x283,11
500x236,2
494x373,1
263x350,2
441x331,1
490x326,1
469x279,1
315x482,1
640x265,5
426x319,2
460x345,2
273x448,1
640x228,8
322x471,1
357x340,1
320x265,1
458x380,1
276x640,2
640x300,9
300x450,3
254x336,2
336x640,4
324x640,3
333x426,1
469x341,1
267x400,2
287x500,1
640x229,6
500x239,4
180x240,4
256x640,1
640x237,6
400x343,1
231x500,1
640x170,2
500x308,9
383x500,5
510x340,1
346x500,9
369x500,8
300x351,1
296x446,1
480x342,1
640x261,2
400x302,3
253x130,1
430x318,1
320x427,1
314x640,2
338x480,1
281x446,1
520x347,1
425x352,1
450x287,1
239x640,1
313x500,4
72x51,1
307x409,1
410x310,1
380x500,9
300x480,1
640x148,2
277x500,1
316x500,4
353x480,1
359x473,1
504x337,2
296x442,1
432x345,1
312x400,1
233x350,1
300x357,1
326x220,1
640x231,3
297x500,3
252x640,1
350x640,1
350x375,1
315x315,1
500x166,1
448x312,1
340x455,1
608x379,1
350x467,2
357x520,1
501x359,1
640x331,19
172x227,1
235x314,1
189x500,1
552x346,1
203x179,1
316x425,1
291x449,1
480x382,1
284x640,2
350x350,2
470x352,1
300x255,1
360x239,1
640x104,1
600x296,1
640x252,5
308x462,1
360x500,5
480x361,3
500x146,1
434x296,1
325x500,6
324x182,1
400x205,1
327x640,2
479x319,1
372x480,1
500x199,1
164x500,1
180x500,1
286x640,1
357x640,2
342x640,1
377x640,2
567x378,3
360x240,2
380x285,2
229x350,1
372x464,1
346x504,1
210x139,1
314x470,1
284x423,1
487x200,1
358x243,1
500x288,3
574x361,1
225x640,1
640x204,5
451x298,1
400x289,1
279x500,1
567x377,1
640x251,6
404x265,1
400x325,1
333x467,1
350x263,3
338x640,2
500x198,1
580x329,1
282x500,2
320x213,2
400x346,1
298x500,2
128x160,1
640x293,10
416x350,1
287x432,2
269x640,2
360x450,1
450x350,6
640x267,3
188x285,1
480x273,1
244x183,1
349x614,1
304x500,1
640x232,1
278x500,1
263x500,1
500x142,1
432x287,1
412x200,1
343x640,3
500x252,4
220x186,1
380x324,1
239x360,1
303x640,3
308x300,1
500x264,1
500x197,1
640x247,1
599x363,1
640x160,5
299x300,1
500x242,2
144x190,1
280x500,1
454x342,1
640x183,1
500x254,2
286x427,1
454x289,1
210x126,1
480x329,1
216x301,1
448x298,2
640x198,4
450x337,2
450x298,1
336x254,1
322x500,2
333x240,1
450x360,1
288x432,6
400x239,2
506x380,1
432x305,1
500x213,1
401x288,1
322x214,1
500x216,2
311x640,2
318x480,2
160x144,1
220x222,1
500x238,3
378x283,1
341x595,1
440x330,1
300x300,1
599x348,1
553x371,1
640x128,1
349x480,1
336x450,1
451x338,1
520x360,1
494x367,1
576x285,1
319x640,2
500x260,2
408x306,1
600x314,1
640x205,1
535x357,1
640x174,2
207x640,1
250x306,1
640x154,3
480x249,1
240x360,4
640x194,2
575x344,1
341x640,5
360x439,1
311x308,1
305x229,2
550x367,2
120x120,2
480x321,1
274x640,1
208x160,1
447x333,1
494x289,1
400x372,1
356x533,1
240x160,2
257x362,1
513x342,1
500x241,1
500x243,3
210x168,1
615x346,1
152x228,1
372x224,1
343x336,1
298x450,1
321x500,3
500x244,3
234x500,2
400x266,4
450x339,1
414x278,1
252x360,1
400x280,1
259x194,1
393x316,1
500x261,2
367x415,1
320x320,1
476x261,1
425x319,1
486x381,1
438x351,1
300x500,4
336x248,3
340x505,1
225x300,2
285x500,1
480x343,1
213x320,4
634x354,1
314x188,1
355x640,2
403x303,1
480x356,1
332x291,1
640x246,1
315x352,1
506x373,1
250x640,1
288x384,1
327x293,1
400x272,1
520x363,1
448x287,1
362x480,1
269x480,1
480x287,1
537x381,1
324x487,1
291x461,1
269x451,1
367x490,1
339x329,1
278x240,1
324x328,1
247x500,2
640x145,2
312x462,1
250x333,1
306x500,3
450x200,1
248x500,1
432x308,1
290x379,1
324x241,2
446x335,1
409x307,2
350x232,1
263x640,1
450x216,1
640x166,1
213x318,1
450x302,1
600x322,1
470x308,1
250x234,1
319x480,1
473x305,1
244x500,1
226x135,1
316x480,1
305x400,1
470x353,1
640x274,1
347x491,1
300x426,1
349x500,3
500x218,2
448x290,1
640x262,4
354x375,1
324x432,3
499x374,1
233x640,1
640x158,1
530x353,1
442x338,1
473x303,1
312x640,2
640x178,1
428x285,2
242x350,1
325x485,1
59x72,1
326x246,1
192x640,1
462x371,1
356x640,6
500x219,1
279x430,1
351x494,1
306x408,2
486x365,1
268x400,1
319x212,1
600x367,1
500x102,1
236x236,1
640x217,1
285x640,1
512x326,1
488x286,1
500x304,3
323x640,1
296x444,1
480x364,1
347x640,1
254x192,1
500x209,2
322x640,1
500x207,2
409x255,1
640x210,2
373x495,1
392x218,1
150x225,1
640x177,1
249x640,1
400x224,1
361x431,1
581x345,1
400x257,1
370x251,1
264x640,2
468x304,1
187x140,1
500x210,2
500x253,1
320x408,1
254x500,1
335x198,1
258x344,1
219x500,1
427x369,1
640x244,3
400x284,1
401x131,1
288x640,1
364x468,1
620x367,1
500x292,1
640x146,2
295x640,1
307x461,1
374x436,1
286x176,1
500x235,1
301x450,1
500x200,1
560x175,1
638x356,1
422x282,1
386x336,1
157x160,1
400x308,1
266x190,1
640x188,2
499x371,1
320x400,2
211x500,1
380x330,1
176x384,1
282x454,1
348x640,2
329x469,1
494x378,1
343x230,1
200x133,1
171x500,1
500x202,1
283x424,2
300x403,1
213x140,1
250x188,1
479x320,1
554x312,2
477x304,1
426x255,1
640x167,1
436x291,1
461x307,1
240x166,1
600x375,1
487x291,1
491x280,1
256x448,1
182x273,1
319x235,1
420x223,1
500x267,1
312x500,1
450x372,1
332x640,2
330x640,3
600x363,1
281x486,1
600x359,1
640x203,2
305x500,1
474x334,1
363x249,1
289x640,3
360x288,1
269x448,1
382x471,1
470x350,1
500x237,1
400x285,2
480x300,1
424x351,1
266x412,1
286x417,1
312x480,1
298x448,1
640x219,2
620x319,1
405x336,1
467x276,1
286x409,1
254x640,1
315x640,1
579x326,1
301x640,1
120x160,3
336x447,1
250x150,1
500x221,1
363x485,1
419x304,1
200x315,1
460x300,1
256x192,2
259x500,2
520x368,1
270x500,1
255x600,1
294x400,1
272x500,1
312x504,1
431x356,1
472x322,1
293x448,1
384x288,1
271x640,1
379x446,1
480x316,1
558x234,1
640x179,1
228x296,1
400x382,1
630x379,1
484x289,1
550x376,1
363x544,1
267x188,1
450x381,1
410x339,1
550x366,1
295x175,1
328x640,2
451x299,1
248x640,2
400x241,1
640x207,2
200x240,1
415x324,1
175x230,1
640x191,1
272x408,1
372x558,1
359x239,1
192x564,1
315x210,1
220x240,1
350x215,1
480x336,1
320x286,1
398x224,1
325x640,1
500x170,1
640x250,1
285x309,1
360x238,1
324x319,1
255x640,1
400x366,1
331x640,2
220x293,1
200x305,1
327x482,1
293x409,1
640x151,2
480x298,1
346x407,1
640x189,1
373x496,1
350x325,1
432x373,1
365x480,1
363x484,1
226x640,1
640x190,1
360x302,1
264x400,1
209x500,1
528x360,1
220x155,1
640x239,1
455x190,1
477x323,1
184x200,1
442x330,1
320x238,1
504x379,1
448x296,1
500x232,2
640x129,1
459x258,1
295x244,1
354x400,1
360x221,1
299x409,1
340x450,1
480x204,1
161x240,1
640x141,1
494x327,1
424x284,1
301x388,1
320x239,1
233x311,1
550x378,1
333x250,1
259x387,1
350x262,1
283x640,1
404x342,1
476x376,1
383x588,1
298x640,2
500x248,1
213x640,1
200x189,1
528x363,1
480x268,1
640x195,1
229x123,1
340x470,1
275x183,1
504x314,1
285x340,1
600x376,1
379x279,1
350x219,1
500x234,1
640x169,1
462x308,1
359x240,1
508x337,1
412x317,1
290x595,1
217x289,1
300x196,1
193x272,1
166x221,1
144x144,1
353x378,1
450x265,1
550x245,1
250x167,1
444x295,1
210x304,1
356x200,1
504x336,1
238x206,1
640x159,1
288x197,1
459x322,1
324x243,1
251x480,1
370x462,1
293x450,1
490x350,2
280x268,1
